LotNo,製造日期,Thickness,Width,Weight,Temperature,Humidity,Category,Thickness_UCL,Thickness_LCL,Width_UCL,Width_LCL
LOT-0001,2025-01-01,1.0155,25.107,146.81,23.4,47.8,C,1.05,0.97,26.0,24.0
LOT-0002,2025-01-02,1.0059,25.168,148.8,22.5,43.5,A,1.05,0.97,26.0,24.0
LOT-0003,2025-01-03,1.0177,25.325,150.01,23.4,45.3,C,1.05,0.97,26.0,24.0
LOT-0004,2025-01-04,1.0308,25.316,150.09,23.7,43.6,A,1.05,0.97,26.0,24.0
LOT-0005,2025-01-05,1.0045,24.587,149.1,23.2,43.7,C,1.05,0.97,26.0,24.0
LOT-0006,2025-01-06,1.0045,24.719,151.25,23.9,44.1,C,1.05,0.97,26.0,24.0
LOT-0007,2025-01-07,1.0317,25.155,147.86,22.6,45.7,B,1.05,0.97,26.0,24.0
LOT-0008,2025-01-08,1.0195,25.154,149.72,22.4,43.6,A,1.05,0.97,26.0,24.0
LOT-0009,2025-01-09,1.001,25.155,150.24,22.1,48.8,B,1.05,0.97,26.0,24.0
LOT-0010,2025-01-10,1.0161,26.156,151.03,23.7,42.3,A,1.05,0.97,26.0,24.0
LOT-0011,2025-01-11,1.06,25.171,151.42,23.3,44.4,C,1.05,0.97,26.0,24.0
LOT-0012,2025-01-12,1.001,25.341,147.75,23.0,43.7,C,1.05,0.97,26.0,24.0
LOT-0013,2025-01-13,1.0116,25.286,146.93,23.1,49.3,A,1.05,0.97,26.0,24.0
LOT-0014,2025-01-14,0.9793,25.195,152.56,22.4,45.6,B,1.05,0.97,26.0,24.0
LOT-0015,2025-01-15,0.9821,24.905,150.66,24.2,48.1,B,1.05,0.97,26.0,24.0
LOT-0016,2025-01-16,0.9996,25.228,148.5,23.1,40.5,B,1.05,0.97,26.0,24.0
LOT-0017,2025-01-17,0.9928,24.768,153.1,23.1,45.8,B,1.05,0.97,26.0,24.0
LOT-0018,2025-01-18,1.0127,24.929,150.23,23.4,47.7,C,1.05,0.97,26.0,24.0
LOT-0019,2025-01-19,0.9944,24.854,152.36,23.2,45.2,C,1.05,0.97,26.0,24.0
LOT-0020,2025-01-20,0.9868,25.025,150.14,23.1,48.2,C,1.05,0.97,26.0,24.0
LOT-0021,2025-01-21,1.03,25.694,154.12,22.6,43.4,C,1.05,0.97,26.0,24.0
LOT-0022,2025-01-22,1.0046,24.44,153.51,23.2,49.2,C,1.05,0.97,26.0,24.0
LOT-0023,2025-01-23,1.009,25.206,149.5,23.9,51.9,B,1.05,0.97,26.0,24.0
LOT-0024,2025-01-24,0.9866,24.516,151.94,23.7,43.9,B,1.05,0.97,26.0,24.0
LOT-0025,2025-01-25,0.9998,24.858,151.29,23.8,43.7,B,1.05,0.97,26.0,24.0
LOT-0026,2025-01-26,1.0097,25.327,152.74,22.7,49.4,B,1.05,0.97,26.0,24.0
LOT-0027,2025-01-27,0.9907,25.019,148.07,22.5,49.7,C,1.05,0.97,26.0,24.0
LOT-0028,2025-01-28,1.0136,24.677,151.37,22.9,43.4,C,1.05,0.97,26.0,24.0
LOT-0029,2025-01-29,0.999,24.785,152.12,23.0,43.7,C,1.05,0.97,26.0,24.0
LOT-0030,2025-01-30,1.0036,25.204,146.48,23.5,44.2,A,1.05,0.97,26.0,24.0
LOT-0031,2025-01-31,0.999,26.5,147.63,22.2,41.0,B,1.05,0.97,26.0,24.0
LOT-0032,2025-02-01,1.0358,25.065,145.92,23.8,42.2,B,1.05,0.97,26.0,24.0
LOT-0033,2025-02-02,1.0078,25.014,149.46,22.9,42.0,C,1.05,0.97,26.0,24.0
LOT-0034,2025-02-03,0.9921,24.805,151.44,22.8,42.7,B,1.05,0.97,26.0,24.0
LOT-0035,2025-02-04,1.0203,25.643,153.0,22.5,44.9,B,1.05,0.97,26.0,24.0
LOT-0036,2025-02-05,0.9897,25.19,150.15,22.2,45.7,C,1.05,0.97,26.0,24.0
LOT-0037,2025-02-06,1.0111,24.392,153.26,23.4,49.7,A,1.05,0.97,26.0,24.0
LOT-0038,2025-02-07,0.9786,25.056,147.24,23.0,42.0,A,1.05,0.97,26.0,24.0
LOT-0039,2025-02-08,0.9881,24.801,146.59,22.4,48.0,A,1.05,0.97,26.0,24.0
LOT-0040,2025-02-09,1.011,25.256,149.89,22.4,44.4,C,1.05,0.97,26.0,24.0
LOT-0041,2025-02-10,1.0191,24.762,150.77,22.8,44.9,B,1.05,0.97,26.0,24.0
LOT-0042,2025-02-11,1.0106,24.966,149.93,23.8,47.0,C,1.05,0.97,26.0,24.0
LOT-0043,2025-02-12,1.0063,25.151,145.87,22.9,41.6,C,1.05,0.97,26.0,24.0
LOT-0044,2025-02-13,1.0035,25.26,149.82,22.2,46.1,B,1.05,0.97,26.0,24.0
LOT-0045,2025-02-14,0.9858,24.64,147.39,22.9,45.5,A,1.05,0.97,26.0,24.0
LOT-0046,2025-02-15,0.9972,24.9,151.34,22.9,46.5,A,1.05,0.97,26.0,24.0
LOT-0047,2025-02-16,1.0011,24.858,150.73,21.7,45.9,C,1.05,0.97,26.0,24.0
LOT-0048,2025-02-17,1.0239,24.804,148.12,23.0,52.4,A,1.05,0.97,26.0,24.0
LOT-0049,2025-02-18,1.0132,25.53,148.97,22.9,43.1,C,1.05,0.97,26.0,24.0
LOT-0050,2025-02-19,0.9816,25.121,147.88,23.3,43.4,C,1.05,0.97,26.0,24.0
LOT-0051,2025-02-20,0.96,24.622,149.87,23.9,43.1,B,1.05,0.97,26.0,24.0
LOT-0052,2025-02-21,1.0022,25.275,151.91,23.6,43.3,B,1.05,0.97,26.0,24.0
LOT-0053,2025-02-22,0.9978,25.637,148.03,22.9,43.1,B,1.05,0.97,26.0,24.0
LOT-0054,2025-02-23,1.0172,25.31,151.01,22.4,48.6,C,1.05,0.97,26.0,24.0
LOT-0055,2025-02-24,1.0235,24.544,148.94,24.3,49.3,B,1.05,0.97,26.0,24.0
LOT-0056,2025-02-25,1.022,24.855,148.41,23.0,43.3,A,1.05,0.97,26.0,24.0
LOT-0057,2025-02-26,0.9954,25.38,149.79,23.0,42.5,A,1.05,0.97,26.0,24.0
LOT-0058,2025-02-27,1.0034,24.788,147.93,23.0,46.4,C,1.05,0.97,26.0,24.0
LOT-0059,2025-02-28,1.013,25.133,148.89,23.1,43.3,C,1.05,0.97,26.0,24.0
LOT-0060,2025-03-01,1.0226,25.232,147.6,22.9,46.9,B,1.05,0.97,26.0,24.0
LOT-0061,2025-03-02,1.0008,24.722,153.93,22.7,45.6,C,1.05,0.97,26.0,24.0
LOT-0062,2025-03-03,1.0052,24.982,150.07,22.7,40.5,C,1.05,0.97,26.0,24.0
LOT-0063,2025-03-04,0.9914,24.028,148.6,23.0,49.6,A,1.05,0.97,26.0,24.0
LOT-0064,2025-03-05,0.9901,24.693,150.43,22.7,50.4,A,1.05,0.97,26.0,24.0
LOT-0065,2025-03-06,1.0202,24.924,149.78,22.6,43.2,B,1.05,0.97,26.0,24.0
LOT-0066,2025-03-07,1.0283,24.626,149.56,23.1,43.8,C,1.05,0.97,26.0,24.0
LOT-0067,2025-03-08,1.0069,25.49,151.23,22.9,45.9,C,1.05,0.97,26.0,24.0
LOT-0068,2025-03-09,1.0231,24.571,151.52,23.8,46.0,A,1.05,0.97,26.0,24.0
LOT-0069,2025-03-10,1.0134,24.868,148.94,21.7,47.0,C,1.05,0.97,26.0,24.0
LOT-0070,2025-03-11,0.9983,25.039,148.85,23.5,51.0,A,1.05,0.97,26.0,24.0
LOT-0071,2025-03-12,1.0134,25.432,149.45,23.6,44.5,B,1.05,0.97,26.0,24.0
LOT-0072,2025-03-13,1.0311,24.569,145.4,22.0,42.6,A,1.05,0.97,26.0,24.0
LOT-0073,2025-03-14,1.0075,25.349,146.97,22.8,40.9,C,1.05,0.97,26.0,24.0
LOT-0074,2025-03-15,1.0315,25.003,152.73,22.8,42.8,B,1.05,0.97,26.0,24.0
LOT-0075,2025-03-16,0.9687,24.706,153.29,22.3,44.9,A,1.05,0.97,26.0,24.0
LOT-0076,2025-03-17,1.0203,25.139,149.5,22.6,50.4,A,1.05,0.97,26.0,24.0
LOT-0077,2025-03-18,1.0093,25.06,151.15,22.4,43.4,B,1.05,0.97,26.0,24.0
LOT-0078,2025-03-19,1.0035,24.82,150.62,23.9,45.7,B,1.05,0.97,26.0,24.0
LOT-0079,2025-03-20,1.0094,25.021,156.16,23.5,45.0,A,1.05,0.97,26.0,24.0
LOT-0080,2025-03-21,0.9782,24.884,152.24,23.6,48.6,C,1.05,0.97,26.0,24.0
LOT-0081,2025-03-22,1.0047,25.034,149.74,23.4,52.6,A,1.05,0.97,26.0,24.0
LOT-0082,2025-03-23,1.0134,25.199,148.09,22.4,43.4,B,1.05,0.97,26.0,24.0
LOT-0083,2025-03-24,1.0302,25.476,146.79,22.7,43.5,A,1.05,0.97,26.0,24.0
LOT-0084,2025-03-25,1.0002,24.629,150.41,23.2,48.1,B,1.05,0.97,26.0,24.0
LOT-0085,2025-03-26,0.9959,25.64,148.49,22.4,47.0,B,1.05,0.97,26.0,24.0
LOT-0086,2025-03-27,1.0005,24.414,147.16,23.4,50.5,C,1.05,0.97,26.0,24.0
LOT-0087,2025-03-28,1.0217,24.954,148.71,22.9,46.8,B,1.05,0.97,26.0,24.0
LOT-0088,2025-03-29,1.0129,25.176,147.84,22.8,43.9,B,1.05,0.97,26.0,24.0
LOT-0089,2025-03-30,1.0001,25.084,153.37,23.4,46.8,C,1.05,0.97,26.0,24.0
LOT-0090,2025-03-31,1.0157,24.813,151.76,23.2,48.3,B,1.05,0.97,26.0,24.0
LOT-0091,2025-04-01,1.0095,24.938,149.98,22.8,47.5,C,1.05,0.97,26.0,24.0
LOT-0092,2025-04-02,1.0225,24.852,152.96,23.6,46.5,C,1.05,0.97,26.0,24.0
LOT-0093,2025-04-03,0.9975,24.823,150.15,22.5,48.2,B,1.05,0.97,26.0,24.0
LOT-0094,2025-04-04,1.0031,25.255,148.28,23.3,48.5,B,1.05,0.97,26.0,24.0
LOT-0095,2025-04-05,1.0021,25.107,153.05,23.3,49.1,A,1.05,0.97,26.0,24.0
LOT-0096,2025-04-06,0.986,24.792,151.08,22.8,46.9,C,1.05,0.97,26.0,24.0
LOT-0097,2025-04-07,1.0124,25.27,147.93,23.2,44.5,A,1.05,0.97,26.0,24.0
LOT-0098,2025-04-08,1.0119,25.092,149.62,22.4,45.4,B,1.05,0.97,26.0,24.0
LOT-0099,2025-04-09,1.0081,25.244,148.25,23.5,48.6,A,1.05,0.97,26.0,24.0
LOT-0100,2025-04-10,1.0045,25.189,147.23,22.9,42.5,C,1.05,0.97,26.0,24.0
LOT-0101,2025-04-11,0.9868,24.751,151.85,22.7,46.1,A,1.05,0.97,26.0,24.0
LOT-0102,2025-04-12,1.0017,24.832,153.82,23.5,43.8,C,1.05,0.97,26.0,24.0
LOT-0103,2025-04-13,1.0029,25.224,147.2,22.6,45.1,B,1.05,0.97,26.0,24.0
LOT-0104,2025-04-14,0.996,25.183,151.13,22.3,48.8,B,1.05,0.97,26.0,24.0
LOT-0105,2025-04-15,1.0056,24.994,148.7,22.2,45.6,C,1.05,0.97,26.0,24.0
LOT-0106,2025-04-16,1.0141,25.035,149.03,23.3,45.1,B,1.05,0.97,26.0,24.0
LOT-0107,2025-04-17,1.0363,25.383,148.82,22.4,40.9,B,1.05,0.97,26.0,24.0
LOT-0108,2025-04-18,1.0106,24.823,148.27,23.9,47.2,B,1.05,0.97,26.0,24.0
LOT-0109,2025-04-19,1.0119,25.164,150.1,22.0,46.9,B,1.05,0.97,26.0,24.0
LOT-0110,2025-04-20,1.0069,24.939,148.34,23.8,51.5,C,1.05,0.97,26.0,24.0
LOT-0111,2025-04-21,0.9792,24.935,150.54,23.1,44.1,A,1.05,0.97,26.0,24.0
LOT-0112,2025-04-22,1.0076,25.33,149.9,23.0,45.7,A,1.05,0.97,26.0,24.0
LOT-0113,2025-04-23,1.0089,25.248,149.52,22.7,45.7,B,1.05,0.97,26.0,24.0
LOT-0114,2025-04-24,1.0449,25.244,148.18,23.2,49.7,A,1.05,0.97,26.0,24.0
LOT-0115,2025-04-25,1.0051,25.392,148.85,23.0,44.7,A,1.05,0.97,26.0,24.0
LOT-0116,2025-04-26,1.0125,25.006,151.51,23.6,45.8,B,1.05,0.97,26.0,24.0
LOT-0117,2025-04-27,1.0075,25.205,151.0,23.1,46.8,B,1.05,0.97,26.0,24.0
LOT-0118,2025-04-28,0.9905,24.907,148.04,23.1,45.6,A,1.05,0.97,26.0,24.0
LOT-0119,2025-04-29,1.0251,25.097,150.2,22.8,43.7,C,1.05,0.97,26.0,24.0
LOT-0120,2025-04-30,1.0193,24.961,151.5,23.0,45.6,B,1.05,0.97,26.0,24.0
LOT-0121,2025-05-01,1.0199,25.029,146.66,23.2,48.2,C,1.05,0.97,26.0,24.0
LOT-0122,2025-05-02,0.9944,25.179,151.09,22.1,41.9,A,1.05,0.97,26.0,24.0
LOT-0123,2025-05-03,1.029,24.755,148.67,22.3,45.4,B,1.05,0.97,26.0,24.0
LOT-0124,2025-05-04,0.987,25.628,151.14,23.4,42.9,C,1.05,0.97,26.0,24.0
LOT-0125,2025-05-05,1.0168,24.698,148.47,23.1,48.6,B,1.05,0.97,26.0,24.0
LOT-0126,2025-05-06,1.0409,24.636,146.39,22.9,40.4,A,1.05,0.97,26.0,24.0
LOT-0127,2025-05-07,0.9931,25.347,146.74,23.0,43.3,C,1.05,0.97,26.0,24.0
LOT-0128,2025-05-08,0.9995,25.237,150.1,23.2,46.1,A,1.05,0.97,26.0,24.0
LOT-0129,2025-05-09,1.0095,25.187,150.52,22.7,49.7,A,1.05,0.97,26.0,24.0
LOT-0130,2025-05-10,1.0004,25.189,148.19,22.6,44.8,B,1.05,0.97,26.0,24.0
LOT-0131,2025-05-11,0.9847,24.996,151.28,23.1,43.3,C,1.05,0.97,26.0,24.0
LOT-0132,2025-05-12,1.009,24.731,146.68,22.5,50.6,A,1.05,0.97,26.0,24.0
LOT-0133,2025-05-13,0.9921,25.023,149.87,23.2,40.7,A,1.05,0.97,26.0,24.0
LOT-0134,2025-05-14,1.0151,24.797,147.58,22.1,38.4,C,1.05,0.97,26.0,24.0
LOT-0135,2025-05-15,0.9942,25.293,148.7,23.5,46.3,A,1.05,0.97,26.0,24.0
LOT-0136,2025-05-16,1.0312,24.956,150.09,23.2,43.5,A,1.05,0.97,26.0,24.0
LOT-0137,2025-05-17,0.9963,24.752,148.28,23.1,41.9,C,1.05,0.97,26.0,24.0
LOT-0138,2025-05-18,1.0032,24.904,149.23,23.5,47.1,C,1.05,0.97,26.0,24.0
LOT-0139,2025-05-19,1.0202,25.124,152.01,23.8,45.7,C,1.05,0.97,26.0,24.0
LOT-0140,2025-05-20,0.9895,24.831,148.85,23.5,43.3,C,1.05,0.97,26.0,24.0
LOT-0141,2025-05-21,1.0114,24.753,151.67,22.1,41.2,B,1.05,0.97,26.0,24.0
LOT-0142,2025-05-22,1.0276,25.073,147.74,22.4,47.6,C,1.05,0.97,26.0,24.0
LOT-0143,2025-05-23,0.9839,25.073,151.06,22.7,47.0,B,1.05,0.97,26.0,24.0
LOT-0144,2025-05-24,1.0108,24.848,152.88,23.0,44.7,B,1.05,0.97,26.0,24.0
LOT-0145,2025-05-25,1.0119,24.859,145.06,23.3,50.5,B,1.05,0.97,26.0,24.0
LOT-0146,2025-05-26,1.0197,25.07,148.41,22.6,41.8,A,1.05,0.97,26.0,24.0
LOT-0147,2025-05-27,0.9894,24.566,151.15,23.1,40.4,B,1.05,0.97,26.0,24.0
LOT-0148,2025-05-28,0.9882,24.578,149.59,22.6,42.9,B,1.05,0.97,26.0,24.0
LOT-0149,2025-05-29,1.0158,24.784,150.74,22.7,44.9,A,1.05,0.97,26.0,24.0
LOT-0150,2025-05-30,1.0125,24.936,148.79,22.3,45.7,A,1.05,0.97,26.0,24.0
LOT-0151,2025-05-31,1.0118,25.093,150.17,22.5,44.3,A,1.05,0.97,26.0,24.0
LOT-0152,2025-06-01,1.0132,25.443,149.69,22.3,46.1,C,1.05,0.97,26.0,24.0
LOT-0153,2025-06-02,0.9978,25.257,152.34,22.5,41.2,A,1.05,0.97,26.0,24.0
LOT-0154,2025-06-03,1.0115,24.952,150.51,23.5,49.3,A,1.05,0.97,26.0,24.0
LOT-0155,2025-06-04,1.0124,24.994,150.68,22.5,44.8,B,1.05,0.97,26.0,24.0
LOT-0156,2025-06-05,0.9973,24.699,149.18,24.3,48.4,A,1.05,0.97,26.0,24.0
LOT-0157,2025-06-06,1.036,24.994,149.02,23.2,46.0,C,1.05,0.97,26.0,24.0
LOT-0158,2025-06-07,1.0151,24.913,149.13,23.1,46.4,A,1.05,0.97,26.0,24.0
LOT-0159,2025-06-08,0.9901,25.097,150.79,22.6,46.7,C,1.05,0.97,26.0,24.0
LOT-0160,2025-06-09,1.0178,24.752,149.16,23.4,46.3,A,1.05,0.97,26.0,24.0
LOT-0161,2025-06-10,0.9934,25.156,150.58,22.7,46.9,A,1.05,0.97,26.0,24.0
LOT-0162,2025-06-11,1.0198,25.46,154.15,23.1,49.0,A,1.05,0.97,26.0,24.0
LOT-0163,2025-06-12,1.0254,24.967,151.74,24.3,45.6,A,1.05,0.97,26.0,24.0
LOT-0164,2025-06-13,0.9957,25.121,149.35,23.0,47.1,C,1.05,0.97,26.0,24.0
LOT-0165,2025-06-14,1.0225,25.207,152.4,23.6,44.7,C,1.05,0.97,26.0,24.0
LOT-0166,2025-06-15,1.0142,24.88,149.18,22.6,49.3,B,1.05,0.97,26.0,24.0
LOT-0167,2025-06-16,1.0203,25.067,145.92,23.0,43.0,C,1.05,0.97,26.0,24.0
LOT-0168,2025-06-17,1.0365,25.004,147.98,23.9,50.4,A,1.05,0.97,26.0,24.0
LOT-0169,2025-06-18,1.0043,25.029,146.26,22.7,44.9,B,1.05,0.97,26.0,24.0
LOT-0170,2025-06-19,0.9967,24.768,149.3,23.9,40.7,B,1.05,0.97,26.0,24.0
LOT-0171,2025-06-20,0.9947,25.007,150.04,23.4,45.4,B,1.05,0.97,26.0,24.0
LOT-0172,2025-06-21,0.9958,25.149,153.35,22.7,43.0,A,1.05,0.97,26.0,24.0
LOT-0173,2025-06-22,1.0068,25.435,150.65,23.3,47.5,C,1.05,0.97,26.0,24.0
LOT-0174,2025-06-23,1.0131,25.288,149.56,23.5,43.0,A,1.05,0.97,26.0,24.0
LOT-0175,2025-06-24,1.0122,25.646,151.66,23.3,43.7,B,1.05,0.97,26.0,24.0
LOT-0176,2025-06-25,1.0204,24.77,145.58,22.2,39.3,A,1.05,0.97,26.0,24.0
LOT-0177,2025-06-26,1.0082,25.262,150.47,22.6,43.6,A,1.05,0.97,26.0,24.0
LOT-0178,2025-06-27,1.0298,25.055,151.54,22.9,37.7,C,1.05,0.97,26.0,24.0
LOT-0179,2025-06-28,1.004,25.657,147.04,23.0,40.2,C,1.05,0.97,26.0,24.0
LOT-0180,2025-06-29,1.0488,24.758,152.29,23.3,47.3,B,1.05,0.97,26.0,24.0
LOT-0181,2025-06-30,1.0174,24.748,150.68,23.1,47.4,A,1.05,0.97,26.0,24.0
LOT-0182,2025-07-01,0.9951,24.82,149.17,22.3,46.3,A,1.05,0.97,26.0,24.0
LOT-0183,2025-07-02,0.9919,24.363,151.27,23.2,42.1,C,1.05,0.97,26.0,24.0
LOT-0184,2025-07-03,1.0152,24.842,154.54,23.3,44.9,A,1.05,0.97,26.0,24.0
LOT-0185,2025-07-04,1.0046,24.772,150.36,23.3,45.0,A,1.05,0.97,26.0,24.0
LOT-0186,2025-07-05,1.0187,25.045,150.5,23.5,41.5,A,1.05,0.97,26.0,24.0
LOT-0187,2025-07-06,1.0151,25.103,149.08,23.4,49.5,C,1.05,0.97,26.0,24.0
LOT-0188,2025-07-07,1.0069,25.563,148.3,23.2,47.6,B,1.05,0.97,26.0,24.0
LOT-0189,2025-07-08,0.9953,25.285,151.66,23.0,44.3,B,1.05,0.97,26.0,24.0
LOT-0190,2025-07-09,0.9853,24.827,148.29,22.2,45.1,A,1.05,0.97,26.0,24.0
LOT-0191,2025-07-10,1.0013,24.73,150.14,23.2,45.6,B,1.05,0.97,26.0,24.0
LOT-0192,2025-07-11,1.0208,25.148,149.04,23.1,38.9,C,1.05,0.97,26.0,24.0
LOT-0193,2025-07-12,1.0112,24.604,150.96,23.1,44.3,C,1.05,0.97,26.0,24.0
LOT-0194,2025-07-13,0.9893,25.549,150.67,22.4,43.0,B,1.05,0.97,26.0,24.0
LOT-0195,2025-07-14,1.0106,25.354,152.08,22.5,42.0,B,1.05,0.97,26.0,24.0
LOT-0196,2025-07-15,1.0138,24.859,148.98,23.5,44.2,A,1.05,0.97,26.0,24.0
LOT-0197,2025-07-16,0.9947,24.486,149.46,23.0,50.4,B,1.05,0.97,26.0,24.0
LOT-0198,2025-07-17,1.0103,25.406,148.04,23.3,46.9,A,1.05,0.97,26.0,24.0
LOT-0199,2025-07-18,1.0089,24.966,149.11,23.0,43.3,A,1.05,0.97,26.0,24.0
LOT-0200,2025-07-19,0.9909,25.371,150.75,23.0,46.7,C,1.05,0.97,26.0,24.0
